Workbook
Name TeamsFilter: RawData!$V$1:INDEX(RawData!$V:$V,COUNT(ReportData[First Team])+1)
Name AgentsFilter: RawData!$W$1:INDEX(RawData!$W:$W,COUNT(ReportData[First Agent])+1)
Name CampaignsFilter: RawData!$X$1:INDEX(RawData!$X:$X,COUNT(ReportData[First Campaign])+1)
Name DatesFilter: RawData!$Y$1:INDEX(RawData!$Y:$Y,COUNT(ReportData[First Date])+1)

Sheet Summary
B2: Toplam Çağrı | J2: Filtreler
B4: =IF(RawData!$AD$1,COUNTIFS(ReportData[Include],1),NA()) | J4: Tüm Takımlar | O4: Seçili Tarihe Kadar
B7: Ulaşılan Çağrı | D7: Ulaşılamayan Çağrı | H7: Belirsiz Çağrı | J7: Tüm Temsilciler | O7: Kampanyalar
B9: =IF(RawData!$AD$1,SUMIFS(ReportData[Reached],ReportData[Include],1),NA()) | D9: =IF(RawData!$AD$1,COUNTIFS(ReportData[Include],1,ReportData[Result],"Ulaşılamadı"),NA()) | H9: =IF(RawData!$AD$1,B4-B9-D9,NA())
B12: Ulaşma Oranı | F12: Dönüşüm Oranı | J12: Saatlik Yoğunluk
B14: =IF(RawData!$AD$1,IF(B4=0,"",B9/B4),NA()) | F14: =IF(RawData!$AD$1,IF(B9=0,"",COUNTIFS(ReportData[Include],1,ReportData[Result],"Satış")/B9),NA()) | J14: Saat | M14: Çağrı | O14: Ulaşılan | Q14: Yüzde
J16: 0.375 | M16: =IF(RawData!$AD$1,COUNTIFS(ReportData[Include],1,ReportData[Call Hour],HOUR(J16)),NA()) | O16: =IF(RawData!$AD$1,SUMIFS(ReportData[Reached],ReportData[Include],1,ReportData[Call Hour],HOUR(J16)),NA()) | Q16: =IF(RawData!$AD$1,IF(M16=0,"",O16/M16),NA())
B17: Ortalama Konuşma Süresi | J17: 0.41666667 | M17: =IF(RawData!$AD$1,COUNTIFS(ReportData[Include],1,ReportData[Call Hour],HOUR(J17)),NA()) | O17: =IF(RawData!$AD$1,SUMIFS(ReportData[Reached],ReportData[Include],1,ReportData[Call Hour],HOUR(J17)),NA()) | Q17: =IF(RawData!$AD$1,IF(M17=0,"",O17/M17),NA())
J18: 0.45833333 | M18: =IF(RawData!$AD$1,COUNTIFS(ReportData[Include],1,ReportData[Call Hour],HOUR(J18)),NA()) | O18: =IF(RawData!$AD$1,SUMIFS(ReportData[Reached],ReportData[Include],1,ReportData[Call Hour],HOUR(J18)),NA()) | Q18: =IF(RawData!$AD$1,IF(M18=0,"",O18/M18),NA())
B19: =IF(RawData!$AD$1,IF(COUNTIFS(ReportData[Include],1,ReportData[Talk Seconds],">=0",ReportData[Talk Seconds],"<>")=0,"",AVERAGEIFS(ReportData[Talk Seconds],ReportData[Include],1)/86400),NA()) | J19: 0.5 | M19: =IF(RawData!$AD$1,COUNTIFS(ReportData[Include],1,ReportData[Call Hour],HOUR(J19)),NA()) | O19: =IF(RawData!$AD$1,SUMIFS(ReportData[Reached],ReportData[Include],1,ReportData[Call Hour],HOUR(J19)),NA()) | Q19: =IF(RawData!$AD$1,IF(M19=0,"",O19/M19),NA())
J20: 0.54166667 | M20: =IF(RawData!$AD$1,COUNTIFS(ReportData[Include],1,ReportData[Call Hour],HOUR(J20)),NA()) | O20: =IF(RawData!$AD$1,SUMIFS(ReportData[Reached],ReportData[Include],1,ReportData[Call Hour],HOUR(J20)),NA()) | Q20: =IF(RawData!$AD$1,IF(M20=0,"",O20/M20),NA())
J21: 0.58333333 | M21: =IF(RawData!$AD$1,COUNTIFS(ReportData[Include],1,ReportData[Call Hour],HOUR(J21)),NA()) | O21: =IF(RawData!$AD$1,SUMIFS(ReportData[Reached],ReportData[Include],1,ReportData[Call Hour],HOUR(J21)),NA()) | Q21: =IF(RawData!$AD$1,IF(M21=0,"",O21/M21),NA())
B22: Ortalama Kalite Puanı | J22: 0.625 | M22: =IF(RawData!$AD$1,COUNTIFS(ReportData[Include],1,ReportData[Call Hour],HOUR(J22)),NA()) | O22: =IF(RawData!$AD$1,SUMIFS(ReportData[Reached],ReportData[Include],1,ReportData[Call Hour],HOUR(J22)),NA()) | Q22: =IF(RawData!$AD$1,IF(M22=0,"",O22/M22),NA())
J23: 0.66666667 | M23: =IF(RawData!$AD$1,COUNTIFS(ReportData[Include],1,ReportData[Call Hour],HOUR(J23)),NA()) | O23: =IF(RawData!$AD$1,SUMIFS(ReportData[Reached],ReportData[Include],1,ReportData[Call Hour],HOUR(J23)),NA()) | Q23: =IF(RawData!$AD$1,IF(M23=0,"",O23/M23),NA())
B24: =IF(RawData!$AD$1,IF(COUNTIFS(ReportData[Include],1,ReportData[Total Score],">=0",ReportData[Total Score],"<=100",ReportData[Total Score],"<>")=0,"",AVERAGEIFS(ReportData[Total Score],ReportData[Include],1,ReportData[Total Score],">=0",ReportData[Total Score],"<=100")/10),NA()) | J24: 0.70833333 | M24: =IF(RawData!$AD$1,COUNTIFS(ReportData[Include],1,ReportData[Call Hour],HOUR(J24)),NA()) | O24: =IF(RawData!$AD$1,SUMIFS(ReportData[Reached],ReportData[Include],1,ReportData[Call Hour],HOUR(J24)),NA()) | Q24: =IF(RawData!$AD$1,IF(M24=0,"",O24/M24),NA())
J25: 0.75 | M25: =IF(RawData!$AD$1,COUNTIFS(ReportData[Include],1,ReportData[Call Hour],HOUR(J25)),NA()) | O25: =IF(RawData!$AD$1,SUMIFS(ReportData[Reached],ReportData[Include],1,ReportData[Call Hour],HOUR(J25)),NA()) | Q25: =IF(RawData!$AD$1,IF(M25=0,"",O25/M25),NA())
B27: Selamlama | D27: İhtiyaç Analizi | H27: Kapanış
B29: =IF(RawData!$AD$1,IF(COUNTIFS(ReportData[Include],1,ReportData[Greeting Score],">=0",ReportData[Greeting Score],"<=100",ReportData[Greeting Score],"<>")=0,"",AVERAGEIFS(ReportData[Greeting Score],ReportData[Include],1,ReportData[Greeting Score],">=0",ReportData[Greeting Score],"<=100")/10),NA()) | D29: =IF(RawData!$AD$1,IF(COUNTIFS(ReportData[Include],1,ReportData[Need Analysis Score],">=0",ReportData[Need Analysis Score],"<=100",ReportData[Need Analysis Score],"<>")=0,"",AVERAGEIFS(ReportData[Need Analysis Score],ReportData[Include],1,ReportData[Need Analysis Score],">=0",ReportData[Need Analysis Score],"<=100")/10),NA()) | H29: =IF(RawData!$AD$1,IF(COUNTIFS(ReportData[Include],1,ReportData[Closure Score],">=0",ReportData[Closure Score],"<=100",ReportData[Closure Score],"<>")=0,"",AVERAGEIFS(ReportData[Closure Score],ReportData[Include],1,ReportData[Closure Score],">=0",ReportData[Closure Score],"<=100")/10),NA())

Sheet RawData
A1: Call ID | B1: Agent | C1: Agent Team | D1: Call Start | E1: Duration | F1: Result | G1: Campaign | H1: Rater | I1: Total Score | J1: Greeting Score | K1: Need Analysis Score | L1: Closure Score | M1: Call Date | N1: Call Hour | O1: Reached | P1: Talk Seconds | Q1: Include | R1: First Team | S1: First Agent | T1: First Campaign | U1: First Date | V1: Tüm Takımlar | W1: Tüm Temsilciler | X1: Kampanyalar | Y1: Seçili Tarihe Kadar | AA1: =IF(OR(Summary!$O$4="Seçili Tarihe Kadar",RIGHT($AC$1,1)="+"),2958465,IF(ISNUMBER(Summary!$O$4),INT(Summary!$O$4),DATE(VALUE(RIGHT(RIGHT($AC$1,10),4)),VALUE(MID(RIGHT($AC$1,10),4,2)),VALUE(LEFT(RIGHT($AC$1,10),2))))) | AB1: =IF(OR(LEN($AC$1)=21,RIGHT($AC$1,1)="+"),DATE(VALUE(RIGHT(LEFT($AC$1,10),4)),VALUE(MID(LEFT($AC$1,10),4,2)),VALUE(LEFT(LEFT($AC$1,10),2))),0) | AC1: =SUBSTITUTE(SUBSTITUTE(TRIM(Summary!$O$4)," ",""),"-","–") | AD1: =IFERROR(IF(Summary!$O$4="Seçili Tarihe Kadar",TRUE,IF(ISNUMBER(Summary!$O$4),AND(Summary!$O$4>=1,Summary!$O$4<=2958465),IF(LEN($AC$1)=10,AND(LEN($AC$1)=10,TEXT(DAY(DATE(VALUE(RIGHT($AC$1,4)),VALUE(MID($AC$1,4,2)),VALUE(LEFT($AC$1,2)))),"00")&"."&TEXT(MONTH(DATE(VALUE(RIGHT($AC$1,4)),VALUE(MID($AC$1,4,2)),VALUE(LEFT($AC$1,2)))),"00")&"."&TEXT(YEAR(DATE(VALUE(RIGHT($AC$1,4)),VALUE(MID($AC$1,4,2)),VALUE(LEFT($AC$1,2)))),"0000")=$AC$1,DATE(VALUE(RIGHT($AC$1,4)),VALUE(MID($AC$1,4,2)),VALUE(LEFT($AC$1,2)))>=1),IF(AND(LEN($AC$1)=11,RIGHT($AC$1,1)="+"),AND(LEN(LEFT($AC$1,10))=10,TEXT(DAY(DATE(VALUE(RIGHT(LEFT($AC$1,10),4)),VALUE(MID(LEFT($AC$1,10),4,2)),VALUE(LEFT(LEFT($AC$1,10),2)))),"00")&"."&TEXT(MONTH(DATE(VALUE(RIGHT(LEFT($AC$1,10),4)),VALUE(MID(LEFT($AC$1,10),4,2)),VALUE(LEFT(LEFT($AC$1,10),2)))),"00")&"."&TEXT(YEAR(DATE(VALUE(RIGHT(LEFT($AC$1,10),4)),VALUE(MID(LEFT($AC$1,10),4,2)),VALUE(LEFT(LEFT($AC$1,10),2)))),"0000")=LEFT($AC$1,10),DATE(VALUE(RIGHT(LEFT($AC$1,10),4)),VALUE(MID(LEFT($AC$1,10),4,2)),VALUE(LEFT(LEFT($AC$1,10),2)))>=1),IF(AND(LEN($AC$1)=21,MID($AC$1,11,1)="–"),AND(AND(LEN(LEFT($AC$1,10))=10,TEXT(DAY(DATE(VALUE(RIGHT(LEFT($AC$1,10),4)),VALUE(MID(LEFT($AC$1,10),4,2)),VALUE(LEFT(LEFT($AC$1,10),2)))),"00")&"."&TEXT(MONTH(DATE(VALUE(RIGHT(LEFT($AC$1,10),4)),VALUE(MID(LEFT($AC$1,10),4,2)),VALUE(LEFT(LEFT($AC$1,10),2)))),"00")&"."&TEXT(YEAR(DATE(VALUE(RIGHT(LEFT($AC$1,10),4)),VALUE(MID(LEFT($AC$1,10),4,2)),VALUE(LEFT(LEFT($AC$1,10),2)))),"0000")=LEFT($AC$1,10),DATE(VALUE(RIGHT(LEFT($AC$1,10),4)),VALUE(MID(LEFT($AC$1,10),4,2)),VALUE(LEFT(LEFT($AC$1,10),2)))>=1),AND(LEN(RIGHT($AC$1,10))=10,TEXT(DAY(DATE(VALUE(RIGHT(RIGHT($AC$1,10),4)),VALUE(MID(RIGHT($AC$1,10),4,2)),VALUE(LEFT(RIGHT($AC$1,10),2)))),"00")&"."&TEXT(MONTH(DATE(VALUE(RIGHT(RIGHT($AC$1,10),4)),VALUE(MID(RIGHT($AC$1,10),4,2)),VALUE(LEFT(RIGHT($AC$1,10),2)))),"00")&"."&TEXT(YEAR(DATE(VALUE(RIGHT(RIGHT($AC$1,10),4)),VALUE(MID(RIGHT($AC$1,10),4,2)),VALUE(LEFT(RIGHT($AC$1,10),2)))),"0000")=RIGHT($AC$1,10),DATE(VALUE(RIGHT(RIGHT($AC$1,10),4)),VALUE(MID(RIGHT($AC$1,10),4,2)),VALUE(LEFT(RIGHT($AC$1,10),2)))>=1),$AB$1<=$AA$1),FALSE))))),FALSE)
M2: =IF(ISNUMBER($D2),INT($D2),"") | N2: =IF(ISNUMBER($D2),HOUR($D2),"") | O2: =IF($A2="","",--OR($F2="Satış",$F2="Ret",$F2="Geri ara")) | P2: =IF(AND($O2=1,ISNUMBER($E2),$E2>=0,$E2<=32767),$E2,"") | Q2: =IF($A2="","",--AND(OR(Summary!$J$4="Tüm Takımlar",$C2=Summary!$J$4),OR(Summary!$J$7="Tüm Temsilciler",$B2=Summary!$J$7),OR(Summary!$O$7="Kampanyalar",$G2=Summary!$O$7),OR(Summary!$O$4="Seçili Tarihe Kadar",AND(ISNUMBER($D2),$D2>=RawData!$AB$1,$D2<RawData!$AA$1+1)))) | R2: =IF(OR($A2="",$C2=""),"",IF(MATCH($C2,ReportData[Agent Team],0)=ROW()-1,ROW()-1,"")) | S2: =IF(OR($A2="",$B2=""),"",IF(MATCH($B2,ReportData[Agent],0)=ROW()-1,ROW()-1,"")) | T2: =IF(OR($A2="",$G2=""),"",IF(MATCH($G2,ReportData[Campaign],0)=ROW()-1,ROW()-1,"")) | U2: =IF(OR($A2="",$M2=""),"",IF(MATCH($M2,ReportData[Call Date],0)=ROW()-1,ROW()-1,"")) | V2: =IF(ROW()-1>COUNT(ReportData[First Team]),"",INDEX(ReportData[Agent Team],SMALL(ReportData[First Team],ROW()-1))) | W2: =IF(ROW()-1>COUNT(ReportData[First Agent]),"",INDEX(ReportData[Agent],SMALL(ReportData[First Agent],ROW()-1))) | X2: =IF(ROW()-1>COUNT(ReportData[First Campaign]),"",INDEX(ReportData[Campaign],SMALL(ReportData[First Campaign],ROW()-1))) | Y2: =IF(ROW()-1>COUNT(ReportData[First Date]),"",TEXT(DAY(INDEX(ReportData[Call Date],SMALL(ReportData[First Date],ROW()-1))),"00")&"."&TEXT(MONTH(INDEX(ReportData[Call Date],SMALL(ReportData[First Date],ROW()-1))),"00")&"."&TEXT(YEAR(INDEX(ReportData[Call Date],SMALL(ReportData[First Date],ROW()-1))),"0000"))
